Antibody,Immunogenicity,species,sequence,Probability_Class_1,Probability_Class_2
3F8,100.0,0,QVQLKESGPGLVAPSQSLSITCTVSGFSVTNYGVHWVRQPPGKGLEWLGVIWAGGITNYNSAFMSRLSISKDNSKSQVFLKMNSLQIDDTAMYYCASRGGHYGYALDYWGQGTSVTVSS,0.99987555,0.00012441704
Abagovomab,68.1,0,QVKLQESGAELARPGASVKLSCKASGYTFTNYWMQWVKQRPGQGLDWIGAIYPGDGNTRYTHKFKGKATLTADKSSSTAYMQLSSLASEDSGVYYCARGEGNYAWFAYWGQGTTVTVSS,0.9994217,0.0005782964
Abciximab,35.5,0,EVQLQQSGAELVKPGASVKLSCTASGFNIKDTYVHWVKQRPEQGLEWIGRIDPANGYTKYDPKFQGKATITADTSSNTAYLQLSSLTSEDTAVYYCVRPLYDYYAMDYWGQGTSVTVSS,0.9985825,0.0014175464
Abrilumab,0.4,1,QVQLVQSGAEVKKPGASVKVSCKVSGYTLSDLSIHWVRQAPGKGLEWMGGFDPQDGETIYAQKFQGRVTMTEDTSTDTAYMELSSLKSEDTAVYYCATGSSSSWFDPWGQGTLVTVSS,0.7261658,0.27383423
Actoxumab,0.0,1,QVQLVESGGGVVQPGRSLRLSCAASGFSFSNYGMHWVRQAPGKGLEWVALIWYDGSNEDYTDSVKGRFTISRDNSKNTLYLQMNSLRAEDTAVYYCARWGMVRGVIDVFDIWGQGTVVTVSS,0.00042517448,0.99957484
Adalimumab,14.0,1,EVQLVESGGGLVQPGRSLRLSCAASGFTFDDYAMHWVRQAPGKGLEWVSAITWNSGHIDYADSVEGRFTISRDNAKNSLYLQMNSLRAEDTAVYYCAKVSYLSTASSLDYWGQGTLVTVSS,0.0028134661,0.9971865
Aducanumab,5.0,1,QVQLVESGGGVVQPGRSLRLSCAASGFAFSSYGMHWVRQAPGKGLEWVAVIWFDGTKKYYTDSVKGRFTISRDNSKNTLYLQMNTLRAEDTAVYYCARDRGIGARRGPYYMDVWGKGTTVTVSS,0.05127912,0.9487209
Afutuzumab,6.6,0,QVQLVQSGAEVKKPGSSVKVSCKASGYAFSYSWINWVRQAPGQGLEWMGRIFPGDGDTDYNGKFKGRVTITADKSTSTAYMELSSLRSEDTAVYYCARNVFDGYWLVYWGQGTLVTVSS,0.9810481,0.018951893
Alemtuzumab,5.1,0,QVQLQESGPGLVRPSQTLSLTCTVSGFTFTDFYMNWVRQPPGRGLEWIGFIRDKAKGYTTEYNPSVKGRVTMLVDTSKNQFSLRLSSVTAADTAVYYCAREGHTAAPFDYWGQGSLVTVSS,0.5701643,0.42983568
Alirocumab,3.9,1,EVQLVESGGGLVQPGGSLRLSCAASGFTFNNYAMNWVRQAPGKGLDWVSTISGSGGTTNYADSVKGRFIISRDSSKHTLYLQMNSLRAEDTAVYYCAKDSNWGNFDLWGRGTLVTVSS,0.5849144,0.41508564
Amatuximab,29.2,0,QVQLQQSGPELEKPGASVKISCKASGYSFTGYTMNWVKQSHGKSLEWIGLITPYNGASSYNQKFRGKATLTVDKSSSTAYMDLLSLTSEDSAVYFCARGGYDGRGFDYWGSGTPVTVSS,0.9973067,0.0026933353
Andecaliximab,21.2,0,QVQLQESGPGLVKPSETLSLTCTVSGFSLLSYGVHWVRQPPGKGLEWLGVIWTGGTTNYNSALMSRFTISKDDSKNTVYLKMNSLKTEDTAIYYCARYYYGMDYWGQGTLVTVSS,0.9328138,0.06718623
Anifrolumab,3.3,1,EVQLVQSGAEVKKPGESLKISCKGSGYIFTNYWIAWVRQMPGKGLESMGIIYPGDSDIRYSPSFQGQVTISADKSITTAYLQWSSLKASDTAMYYCARHDIEGFDYWGRGTLVTVSS,0.10484038,0.8951596
Arcitumomab,0.5,0,EVKLVESGGGLVQPGGSLRLSCATSGFTFTDYYMNWVRQPPGKALEWLGFIGNKANGYTTEYSASVKGRFTISRDKSQSILYLQMNTLRAEDSATYYCTRDRGLRFYFDYWGQGTTLTVSS,0.99898475,0.0010152211
Atezolizumab,28.9,0,EVQLVESGGGLVQPGGSLRLSCAASGFTFSDSWIHWVRQAPGKGLEWVAWISPYGGSTYYADSVKGRFTISADTSKNTAYLQMNSLRAEDTAVYYCARRHWPGGFDYWGQGTLVTVSS,0.6308505,0.36914954
Avelumab,5.0,1,EVQLLESGGGLVQPGGSLRLSCAASGFTFSSYIMMWVRQAPGKGLEWVSSIYPSGGITFYADTVKGRFTISRDNSKNTLYLQMNSLRAEDTAVYYCARIKLGTVTTVDYWGQGTLVTVSS,0.8569547,0.1430453
Basiliximab,1.5,0,QVQLQQSGTVLARPGASVKMSCKASGYSFTRYWMHWIKQRPGQGLEWIGAIYPGNSDTSYNQKFEGKAKLTAVTSASTAYMELSSLTHEDSAVYYCSRDYGYYFDFWGQGTTLTVSS,0.99882835,0.0011716154
Bavituximab,58.0,0,EVQLQQSGPELEKPGASVKLSCKASGYSFTGYNMNWVKQSHGKSLEWIGHIDPYYGDTSYNQKFRGKATLTVDKSSSTAYMQLKSLTSEDSAVYYCVKGGYYGHWYFDVWGAGTTVTVSS,0.98905563,0.010944329
Begelomab,28.0,0,QVQLQQSGAELVKPGASVKLSCKASGYTFRSYDINWVRQRPEQGLEWIGWIFPGDGSTKYNEKFKGKATLTTDKSSSTAYMQLSRLTSEDSAVYFCARWTVVGPGYFDVWGAGTTVTVSS,0.9928247,0.0071753534
Belimumab,2.4,1,QVQLQQSGAEVKKPGSSVRVSCKASGGTFNNNAINWVRQAPGQGLEWMGGIIPMFGTAKYSQNFQGRVAITADESTGTASMELSSLRSEDTAVYYCARSRDLLLFPHHALSPWGRGTMVTVSS,0.018701058,0.981299
Benralizumab,13.0,0,EVQLVQSGAEVKKPGASVKVSCKASGYTFTSYVIHWVRQRPGQGLAWMGYINPYNDGTKYNERFKGKVTITSDRSTSTVYMELSSLRSEDTAVYLCGREGIRYYGLLGDYWGQGTLVTVSS,0.9647101,0.035289846
Berlimatoxumab,0.0,1,ELQLQESGPGLVKPSETLSLTCTVSGGSISSGSYYWDWIRQPPGKGLEWIGNIYKSGSTYYNPSLKSRVTISVDTSKNQFSLKLSSVTAADTAVYYCARERGMHYMDVWGKGTTVTVSS,0.39221206,0.60778785
Bevacizumab,0.3,0,EVQLVESGGGLVQPGGSLRLSCAASGYTFTNYGMNWVRQAPGKGLEWVGWINTYTGEPTYAADFKRRFTFSLDTSKSTAYLQMNSLRAEDTAVYYCAKYPHYYGSSHWYFDVWGQGTLVTVSS,0.9910027,0.008997309
Bezlotoxumab,0.0,1,EVQLVQSGAEVKKSGESLKISCKGSGYSFTSYWIGWVRQMPGKGLEWMGIFYPGDSSTRYSPSFQGQVTISADKSVNTAYLQWSSLKASDTAMYYCARRRNWGNAFDIWGQGTMVTVSS,0.9329765,0.06702351
Bimekizumab,12.8,0,EVQLVESGGGLVQPGGSLRLSCAASGFTFSDYNMAWVRQAPGKGLEWVATITYEGRNTYYRDSVKGRFTISRDNAKNSLYLQMNSLRAEDTAVYYCASPPQYYEGSIYRLWFAHWGQGTLVTVSS,0.9027314,0.09726862
Birtamimab,0.0,0,EVQLVESGGGLVQPGGSLRLSCAASGFTFNTYAMYWIRQAPGKGLEWVARIRSKSNNYAIYYADSVKDRFTISRDDSKNSLYLQMNSLKTEDTAVYYCARPYSDSFAYWGQGTLVTVSS,0.39296275,0.60703725
Bleselumab,2.2,1,QLQLQESGPGLLKPSETLSLTCTVSGGSISSPGYYGGWIRQPPGKGLEWIGSIYKSGSTYHNPSLKSRVTISVDTSKNQFSLKLSSVTAADTAVYYCTRPVVRYFGWFDPWGQGTLVTVSS,0.015877398,0.98412263
Blinatumomab,1.4,0,QVQLQQSGAELVRPGSSVKISCKASGYAFSSYWMNWVKQRPGQGLEWIGQIWPGDGDTNYNGKFKGKATLTADESSSTAYMQLSSLASEDSAVYFCARRETTTVGRYYYAMDYWGQGTTVTVSS,0.9717401,0.028259838
Bococizumab,25.5,0,QVQLVQSGAEVKKPGASVKVSCKASGYTFTSYYMHWVRQAPGQGLEWMGEISPFGGRTNYNEKFKSRVTMTRDTSTSTVYMELSSLRSEDTAVYYCARERPLYASDLWGQGTTVTVSS,0.98762137,0.012378666
Brazikumab,2.5,1,QVQLVESGGGVVQPGRSLRLSCAASGFTFSSYGMHWVRQAPGKGLEWVAVIWYDGSNEYYADSVKGRFTISRDNSKNTLYLQMNSLRAEDTAVYYCARDRGYTSSWYPDAFDIWGQGTMVTVSS,0.01774922,0.98225075
Brentuximab,35.0,0,QIQLQQSGPEVVKPGASVKISCKASGYTFTDYYITWVKQKPGQGLEWIGWIYPGSGNTKYNEKFKGKATLTVDTSSSTAFMQLSSLTSEDTAVYFCANYGNYWFAYWGQGTQVTVSA,0.9988643,0.0011357254
Brodalumab,3.0,1,QVQLVQSGAEVKKPGASVKVSCKASGYTFTRYGISWVRQAPGQGLEWMGWISTYSGNTNYAQKLQGRVTMTTDTSTSTAYMELRSLRSDDTAVYYCARRQLYFDYWGQGTLVTVSS,0.16541253,0.83458745
Burosumab,5.0,1,QVQLVQSGAEVKKPGASVKVSCKASGYTFTNHYMHWVRQAPGQGLEWMGIINPISGSTSNAQKFQGRVTMTRDTSTSTVYMELSSLRSEDTAVYYCARDIVDAFDFWGQGTMVTVSS,0.41119632,0.58880365
Canakinumab,0.0,1,QVQLVESGGGVVQPGRSLRLSCAASGFTFSVYGMNWVRQAPGKGLEWVAIIWYDGDNQYYADSVKGRFTISRDNSKNTLYLQMNGLRAEDTAVYYCARDLRTGPFDYWGQGTLVTVSS,0.027342051,0.972658
Cemiplimab,1.3,1,EVQLLESGGVLVQPGGSLRLSCAASGFTFSNFGMTWVRQAPGKGLEWVSGISGGGRDTYFADSVKGRFTISRDNSKNTLYLQMNSLKGEDTAVYYCVKWGNIYFDYWGQGTLVTVSS,0.7386903,0.26130965
Cendakimab,3.0,0,EVTLRESGPGLVKPTQTLTLTCTLYGFSLSTSDMGVDWIRQPPGKGLEWLAHIWWDDVKRYNPALKSRLTISKDTSKNQVVLKLTSVDPVDTATYYCARTVSSGYIYYAMDYWGQGTLVTVSS,0.54405576,0.45594424
Certolizumab,8.0,0,EVQLVESGGGLVQPGGSLRLSCAASGYVFTDYGMNWVRQAPGKGLEWMGWINTYIGEPIYADSVKGRFTFSLDTSKSTAYLQMNSLRAEDTAVYYCARGYRSYAMDYWGQGTLVTVSS,0.9451208,0.054879125
Cetuximab,5.0,0,QVQLKQSGPGLVQPSQSLSITCTVSGFSLTNYGVHWVRQSPGKGLEWLGVIWSGGNTDYNTPFTSRLSINKDNSKSQVFFKMNSLQSNDTAIYYCARALTYYDYEFAYWGQGTLVTVSA,0.992465,0.0075349538
Cinpanemab,0.0,0,EVQLVESGGGLVEPGGSLRLSCAVSGFDFEKAWMSWVRQAPGQGLQWVARIKSTADGGTTSYAAPVEGRFIISRDDSRNMLYLQMNSLKTEDTAVYYCTSAHWGQGTLVTVSS,0.102104135,0.8978958
Clazakizumab,1.8,0,EVQLVESGGGLVQPGGSLRLSCAASGFSLSNYYVTWVRQAPGKGLEWVGIIYGSDETAYATSAIGRFTISRDNSKNTLYLQMNSLRAEDTAVYYCARDDSSDWDAKFNLWGQGTLVTVSS,0.16324894,0.8367511
Clivatuzumab,10.0,0,QVQLQQSGAEVKKPGASVKVSCEASGYTFPSYVLHWVKQAPGQGLEWIGYINPYNDGTQYNEKFKGKATLTRDTSINTAYMELSRLRSDDTAVYYCARGFGGSYGFAYWGQGTLVTVSS,0.99724674,0.002753317
Coltuximab,33.0,0,QVQLVQPGAEVVKPGASVKLSCKTSGYTFTSNWMHWVKQAPGQGLEWIGEIDPSDSYTNYNQNFQGKAKLTVDKSTSTAYMEVSSLRSDDTAVYYCARGSNPYYYAMDYWGQGTSVTVSS,0.9961403,0.003859721
Conatumumab,0.0,1,QVQLQESGPGLVKPSQTLSLTCTVSGGSISSGDYFWSWIRQLPGKGLEWIGHIHNSGTTYYNPSLKSRVTISVDTSKKQFSLRLSSVTAADTAVYYCARDRGGDYYYGMDVWGQGTTVTVSS,0.42022577,0.57977426
Concizumab,17.0,0,EVQLVESGGGLVKPGGSLRLSCAASGFTFSNYAMSWVRQTPEKRLEWVATISRSGSYSYFPDSVQGRFTISRDNAKNSLYLQMNSLRAEDTAVYYCARLGGYDEGDAMDSWGQGTTVTVSS,0.84227335,0.1577266
Crenezumab,0.0,0,EVQLVESGGGLVQPGGSLRLSCAASGFTFSSYGMSWVRQAPGKGLELVASINSNGGSTYYPDSVKGRFTISRDNAKNSLYLQMNSLRAEDTAVYYCASGDYWGQGTTVTVSS,0.01821786,0.9817822
Crizanlizumab,0.9,0,QVQLVQSGAEVKKPGASVKVSCKVSGYTFTSYDINWVRQAPGKGLEWMGWIYPGDGSIKYNEKFKGRVTMTVDKSTDTAYMELSSLRSEDTAVYYCARRGEYGNYEGAMDYWGQGTLVTVSS,0.7686825,0.23131755
Dacetuzumab,0.0,0,EVQLVESGGGLVQPGGSLRLSCAASGYSFTGYYIHWVRQAPGKGLEWVARVIPNAGGTSYNQKFKGRFTLSVDNSKNTAYLQMNSLRAEDTAVYYCAREGIYWWGQGTLVTVSS,0.62713915,0.3728609
Daclizumab,19.0,0,QVQLVQSGAEVKKPGSSVKVSCKASGYTFTSYRMHWVRQAPGQGLEWIGYINPSTGYTEYNQKFKDKATITADESTNTAYMELSSLRSEDTAVYYCARGGGVFDYWGQGTLVTVSS,0.99060726,0.009392682
Dalotuzumab,0.0,0,QVQLQESGPGLVKPSETLSLTCTVSGYSITGGYLWNWIRQPPGKGLEWIGYISYDGTNNYKPSLKDRVTISRDTSKNQFSLKLSSVTAADTAVYYCARYGRVFFDYWGQGTLVTVSS,0.7305608,0.26943922
Dapirolizumab,8.9,0,EVQLVESGGGLVQPGGSLRLSCAVSGFSSTNYHVHWVRQAPGKGLEWMGVIWGDGDTSYNSVLKSRFTISRDTSKNTVYLQMNSLRAEDTAVYYCARQLTHYYVLAAWGQGTLVTVSS,0.11522132,0.8847787
Daratumumab,0.0,1,EVQLLESGGGLVQPGGSLRLSCAVSGFTFNSFAMSWVRQAPGKGLEWVSAISGSGGGTYYADSVKGRFTISRDNSKNTLYLQMNSLRAEDTAVYFCAKDKILWFGEPVFDYWGQGTLVTVSS,0.039055288,0.9609447
Denosumab,1.0,1,EVQLLESGGGLVQPGGSLRLSCAASGFTFSSYAMSWVRQAPGKGLEWVSGITGSGGSTYYADSVKGRFTISRDNSKNTLYLQMNSLRAEDTAVYYCAKDPGTTVIMSWFDPWGQGTLVTVSS,0.43800467,0.5619953
Depatuxizumab,5.0,0,QVQLQESGPGLVKPSQTLSLTCTVSGYSISSDFAWNWIRQPPGKGLEWMGYISYSGNTRYQPSLKSRITISRDTSKNQFFLKLNSVTAADTATYYCVTAGRGFPYWGQGTLVTVSS,0.82223797,0.17776205
Derlotuximab,33.3,0,QVQLKESGPGLVAPSQSLSITCTVSGFSLTDYGVRWIRQPPGKGLEWLGVIWGGGSTYYNSALKSRLSISKDNSKSQVFLKMNSLQTDDTAMYYCAKEKRRGYYYAMDYWGQGTSVTVSS,0.9530043,0.046995625
Dinutuximab,17.0,0,EVQLLQSGPELEKPGASVMISCKASGSSFTGYNMNWVRQNIGKSLEWIGAIDPYYGGTSYNQKFKGRATLTVDKSSSTAYMHLKSLTSEDSAVYYCVSGMEYWGQGTSVTVSS,0.9996861,0.00031393176
Disitamab,58.6,0,EVQLVQSGAEVKKPGATVKISCKVSGYTFTDYYIHWVQQAPGKGLEWMGRVNPDHGDSYYNQKFKDKATITADKSTDTAYMELSSLRSEDTAVYFCARNYLFDHWGQGTLVTVSS,0.9989416,0.0010583613
Domagrozumab,9.4,0,EVQLLESGGGLVQPGGSLRLSCAASGFTFSSYAMSWVRQAPGKGLEWVSTISSGGSYTSYPDSVKGRFTISRDNSKNTLYLQMNSLRAEDTAVYYCAKQDYAMNYWGQGTLVTVSS,0.7652664,0.2347336
Dupilumab,4.0,1,EVQLVESGGGLEQPGGSLRLSCAGSGFTFRDYAMTWVRQAPGKGLEWVSSISGSGGNTYYADSVKGRFTISRDNSKNTLYLQMNSLRAEDTAVYYCAKDRLSITIRPRYYGLDVWGQGTTVTVSS,0.6696505,0.3303495
Durvalumab,3.3,1,EVQLVESGGGLVQPGGSLRLSCAASGFTFSRYWMSWVRQAPGKGLEWVANIKQDGSEKYYVDSVKGRFTISRDNAKNSLYLQMNSLRAEDTAVYYCAREGGWFGELAFDYWGQGTLVTVSS,0.024495305,0.9755047
Dusigitumab,0.0,1,QVQLVQSGAEVKKPGASVKVSCKASGYTFTSYDINWVRQATGQGLEWMGWMNPNSGNTGYAQKFQGRVTMTRNTSISTAYMELSSLRSEDTAVYYCARDPYYYYYGMDVWGQGTTVTVSS,0.055525016,0.944475
Eculizumab,2.0,0,QVQLVQSGAEVKKPGASVKVSCKASGYIFSNYWIQWVRQAPGQGLEWMGEILPGSGSTEYTENFKDRVTMTRDTSTSTVYMELSSLRSEDTAVYYCARYFFGSSPNWYFDVWGQGTLVTVSS,0.975271,0.024729066
Edrecolomab,80.0,0,QVQLQQSGAELVRPGTSVKVSCKASGYAFTNYLIEWVKQRPGQGLEWIGVINPGSGGTNYNEKFKGKATLTADKSSSTAYMQLSSLTSDDSAVYFCARDGPWFAYWGQGTLVTVSA,0.99287933,0.0071207145
Efalizumab,6.3,0,EVQLVESGGGLVQPGGSLRLSCAASGYSFTGHWMNWVRQAPGKGLEWVGMIHPSDSETRYNQKFKDRFTISVDKSKNTLYLQMNSLRAEDTAVYYCARGIYFYGTTYFDYWGQGTLVTVSS,0.99231285,0.007687138
Eldelumab,0.0,1,QMQLVESGGGVVQPGRSLRLSCTASGFTFSNNGMHWVRQAPGKGLEWVAVIWFDGMNKFYVDSVKGRFTISRDNSKNTLYLEMNSLRAEDTAIYYCAREGDGSGIYYYYGMDVWGQGTTVTVSS,0.17811607,0.821884
Elotuzumab,18.5,0,EVQLVESGGGLVQPGGSLRLSCAASGFDFSRYWMSWVRQAPGKGLEWIGEINPDSSTINYAPSLKDKFIISRDNAKNSLYLQMNSLRAEDTAVYYCARPDGNYWYFDVWGQGTLVTVSS,0.6861617,0.31383833
Emapalumab,3.5,1,EVQLLESGGGLVQPGGSLRLSCAASGFTFSSYAMSWVRQAPGKGLEWVSAISGSGGSTYYADSVKGRFTISRDNSKNTLYLQMNSLRAEDTAVYYCAKDGSSGWYVPHWFDPWGQGTLVTVSS,0.1202612,0.8797388
Emibetuzumab,0.0,0,QVQLVQSGAEVKKPGASVKVSCKASGYTFTDYYMHWVRQAPGQGLEWMGRVNPNRRGTTYNQKFEGRVTMTTDTSTSTAYMELRSLRSDDTAVYYCARANWLDYWGQGTTVTVSS,0.0011707464,0.9988293
Emicizumab,3.5,0,QVQLVQSGSELKKPGASVKVSCKASGYTFTDNNMDWVRQAPGQGLEWMGDINTRSGGSIYNEEFQDRVIMTVDKSTDTAYMELSSLRSEDTATYHCARRKSYGYYLDEWGEGTLVTVSS,0.99625635,0.0037436415
Enfortumab,1.0,1,EVQLVESGGGLVQPGGSLRLSCAASGFTFSSYNMNWVRQAPGKGLEWVSYISSSSSTIYYADSVKGRFTISRDNAKNSLSLQMNSLRDEDTAVYYCARAYYYGMDVWGQGTTVTVSS,0.047819942,0.95218
Enokizumab,9.0,0,QVQLVQSGAEVKKPGSSVKVSCKASGGTFSYYWIEWVRQAPGQGLEWMGEILPGSGTTNPNEKFKGRVTITADESTSTAYMELSSLRSEDTAVYYCARADYYGSDYVKFDYWGQGTLVTVSS,0.99521846,0.0047815307
Erenumab,2.4,1,QVQLVESGGGVVQPGRSLRLSCAASGFTFSSFGMHWVRQAPGKGLEWVAVISFDGSIKYSVDSVKGRFTISRDNSKNTLFLQMNSLRAEDTAVYYCARDRLNYYDSSGYYHYKYYGMAVWGQGTTVTVSS,0.00052082475,0.99947923
Etaracizumab,0.0,0,QVQLVESGGGVVQPGRSLRLSCAASGFTFSSYDMSWVRQAPGKGLEWVAKVSSGGGSTYYLDTVQGRFTISRDNSKNTLYLQMNSLRAEDTAVYYCARHLHGSFASWGQGTTVTVSS,0.30559295,0.69440705
Etrolizumab,5.0,0,EVQLVESGGGLVQPGGSLRLSCAASGFFITNNYWGWVRQAPGKGLEWVGYISYSGSTSYNPSLKSRFTISRDTSKNTFYLQMNSLRAEDTAVYYCARTGSSGYFDFWGQGTLVTVSS,0.68388593,0.31611407
Evolocumab,0.3,1,EVQLVQSGAEVKKPGASVKVSCKASGYTLTSYGISWVRQAPGQGLEWMGWVSFYNGNTNYAQKLQGRGTMTTDPSTSTAYMELRSLRSDDTAVYYCARGYGMDVWGQGTTVTVSS,0.010206516,0.98979354
Farletuzumab,8.7,0,EVQLVESGGGVVQPGRSLRLSCSASGFTFSGYGLSWVRQAPGKGLEWVAMISSGGSYTYYADSVKGRFAISRDNAKNTLFLQMDSLRPEDTGVYFCARHGDDPAWFAYWGQGTPVTVSS,0.07623733,0.92376274
Ficlatuzumab,0.0,0,QVQLVQPGAEVKKPGTSVKLSCKASGYTFTTYWMHWVRQAPGQGLEWIGEINPTNGHTNYNQKFQGRATLTVDKSTSTAYMELSSLRSEDTAVYYCARNYVGSIFDYWGQGTLLTVSS,0.9882792,0.011720809
Fletikumab,1.7,1,QVQLVQSGAEVKRPGASVKVSCKASGYTFTNDIIHWVRQAPGQRLEWMGWINAGYGNTQYSQNFQDRVSITRDTSASTAYMELISLRSEDTAVYYCAREPLWFGESSPHDYYGMDVWGQGTTVTVSS,0.012592523,0.98740745
Fontolizumab,7.8,0,QVQLVQSGAELKKPGSSVKVSCKASGYIFTSSWINWVKQAPGQGLEWIGRIDPSDGEVHYNQDFKDKATLTVDKSTNTAYMELSSLRSEDTAVYYCARGFLPWFADWGQGTLVTVSS,0.9808024,0.019197624
Fremanezumab,1.6,0,EVQLVESGGGLVQPGGSLRLSCAASGFTFSNYWISWVRQAPGKGLEWVAEIRSESDASATHYAEAVKGRFTISRDNAKNSLYLQMNSLRAEDTAVYYCLAYFDYGLAIQNYWGQGTLVTVSS,0.13112879,0.86887115
Frovocimab,6.5,0,EVQLVESGGGLVKPGGSLRLSCAASGFPFSKLGMVWVRQAPGKGLEWVSTISSGGGYTYYPDSVKGRFTISRDNAKNSLYLQMNSLRAEDTAVYYCAREGISFQGGTYTYVMDYWGQGTLVTVSS,0.21812777,0.78187215
Fulranumab,2.9,1,EVQLVESGGGLVQPGGSLRLSCAASGFTLRSYSMNWVRQAPGKGLEWVSYISRSSHTIFYADSVKGRFTISRDNAKNSLYLQMDSLRDEDTAMYYCARVYSSGWHVSDYFDYWGQGILVTVSS,0.16216183,0.83783823
Futuximab,0.0,0,EVQLQQPGSELVRPGASVKLSCKASGYTFTSYWMHWVKQRPGQGLEWIGNIYPGSRSTNYDEKFKSKATLTVDTSSSTAYMQLSSLTSEDSAVYYCTRNGDYYVSSGDAMDYWGQGTSVTVSS,0.9961481,0.0038519555
Galcanezumab,8.7,0,QVQLVQSGAEVKKPGSSVKVSCKASGYTFGNYWMQWVRQAPGQGLEWMGAIYEGTGKTVYIQKFADRVTITADKSTSTAYMELSSLRSEDTAVYYCARLSDYVSGFGYWGQGTTVTVSS,0.7742687,0.22573133
Galiximab,0.0,0,QVQLQESGPGLVKPSETLSLTCAVSGGSISGGYGWGWIRQPPGKGLEWIGSFYSSSGNTYYNPSLKSQVTISTDTSKNQFSLKLNSMTAADTAVYYCVRDRLFSVVGMVYNNWFDVWGPGVLVTVSS,0.7426323,0.25736767
Gancotamab,2.9,1,QVQLVESGGGLVQPGGSLRLSCAASGFTFRSYAMSWVRQAPGKGLEWVSAISGRGDNTYYADSVKGRFTISRDNSKNTLYLQMNSLRAEDTAVYYCAKMTSNAFAFDYWGQGTLVTVSS,0.7218783,0.27812174
Ganitumab,5.2,1,QVQLQESGPGLVKPSGTLSLTCAVSGGSISSSNWWSWVRQPPGKGLEWIGEIYHSGSTNYNPSLKSRVTISVDKSKNQFSLKLSSVTAADTAVYYCARWTGRTDAFDIWGQGTMVTVSS,0.84195906,0.15804094
Gantenerumab,0.0,1,QVELVESGGGLVQPGGSLRLSCAASGFTFSSYAMSWVRQAPGKGLEWVSAINASGTRTYYADSVKGRFTISRDNSKNTLYLQMNSLRAEDTAVYYCARGKGNTHKPYGYVRYFDVWGQGTLVTVSS,0.5751785,0.42482153
Gatipotuzumab,9.5,0,EVQLVESGGGLVQPGGSMRLSCVASGFPFSNYWMNWVRQAPGKGLEWVGEIRLKSNNYTTHYAESVKGRFTISRDDSKNSLYLQMNSLKTEDTAVYYCTRHYYFDYWGQGTLVTVSS,0.96741307,0.032586966
Gedivumab,1.0,1,EVQLVESGGGVVQPGKSLRLSCAASGLTFSSYAVHWVRQAPGKGLEWVTLISYDGANQYYADSVKGRFTISRDNSKNTVYLQMNSLRPEDTAVYYCAVPGPVFGIFPPWSYFDNWGQGILVTVSS,0.0013238076,0.9986761
Gemtuzumab,0.0,0,EVQLVQSGAEVKKPGSSVKVSCKASGYTITDSNIHWVRQAPGQSLEWIGYIYPYNGGTDYNQKFKNRATLTVDNPTNTAYMELSSLRSEDTAFYYCVNGNPWLAYWGQGTLVTVSS,0.9926602,0.0073397793
Gevokizumab,37.0,0,QVQLQESGPGLVKPSQTLSLTCSFSGFSLSTSGMGVGWIRQPSGKGLEWLAHIWWDGDESYNPSLKSRLTISKDTSKNQVSLKITSVTAADTAVYFCARNRYDPPWFVDWGQGTLVTVSS,0.6992926,0.30070734
Glembatumumab,3.8,1,QVQLQESGPGLVKPSQTLSLTCTVSGGSISSFNYYWSWIRHHPGKGLEWIGYIYYSGSTYSNPSLKSRVTISVDTSKNQFSLTLSSVTAADTAVYYCARGYNWNYFDYWGQGTLVTVSS,0.11360499,0.886395
Golimumab,4.0,1,QVQLVESGGGVVQPGRSLRLSCAASGFIFSSYAMHWVRQAPGNGLEWVAFMSYDGSNKKYADSVKGRFTISRDNSKNTLYLQMNSLRAEDTAVYYCARDRGIAAGGNYYYYGMDVWGQGTTVTVSS,0.00015627146,0.9998437
Gosuranemab,6.2,0,EVHLVESGGALVKPGGSLRLSCAASGFSFSKYGMSWVRQAPGKGLEWVATISSSGSRTYYPDSVKGRFTISRDNAKNTLYLQMNSLRAEDTAMYYCSISWDGAMDYWGQGTTVTVSS,0.9852328,0.014767199
Gremubamab,2.5,0,EVQLLESGGGLVQPGGSLRLSCAASGFTFSSYAMNWVRQAPGKGLEWVSAITMSGITAYYTDDVKGRFTISRDNSKNTLYLQMNSLRAEDTAVYYCAKEEFLPGTHYYYGMDVWGQGTTVTVSS,0.9714868,0.028513141
Guselkumab,6.0,1,EVQLVQSGAEVKKPGESLKISCKGSGYSFSNYWIGWVRQMPGKGLEWMGIIDPSNSYTRYSPSFQGQVTISADKSISTAYLQWSSLKASDTAMYYCARWYYKPFDVWGQGTLVTVSS,0.43891922,0.56108075
Ibalizumab,15.0,0,QVQLQQSGPEVVKPGASVKMSCKASGYTFTSYVIHWVRQKPGQGLDWIGYINPYNDGTDYDEKFKGKATLTSDTSTSTAYMELSSLRSEDTAVYYCAREKDNYATGAWFAYWGQGTLVTVSS,0.9977126,0.0022874258
Ibritumomab,1.9,0,QAYLQQSGAELVRPGASVKMSCKASGYTFTSYNMHWVKQTPRQGLEWIGAIYPGNGDTSYNQKFKGKATLTVDKSSSTAYMQLSSLTSEDSAVYFCARVVYYSNSYWYFDVWGTGTTVTVSA,0.99925846,0.00074154016
Icrucumab,0.0,1,QAQVVESGGGVVQSGRSLRLSCAASGFAFSSYGMHWVRQAPGKGLEWVAVIWYDGSNKYYADSVRGRFTISRDNSENTLYLQMNSLRAEDTAVYYCARDHYGSGVHHYFYYGLDVWGQGTTVTVSS,1.4535149e-06,0.99999857
Idarucizumab,4.0,0,QVQLQESGPGLVKPSETLSLTCTVSGFSLTSYIVDWIRQPPGKGLEWIGVIWAGGSTGYNSALRSRVSITKDTSKNQFSLKLSSVTAADTAVYYCASAAYYSYYNYDGFAYWGQGTLVTVSS,0.32725468,0.6727453
Imalumab,7.4,1,EVQLLESGGGLVQPGGSLRLSCAASGFTFSIYSMNWVRQAPGKGLEWVSSIGSSGGTTYYADSVKGRFTISRDNSKNTLYLQMNSLRAEDTAVYYCAGSQWLYGMDVWGQGTTVTVSS,0.18225667,0.8177433
Inclacumab,3.6,1,EVQLVESGGGLVRPGGSLRLSCAASGFTFSNYDMHWVRQATGKGLEWVSAITAAGDIYYPGSVKGRFTISRENAKNSLYLQMNSLRAGDTAVYYCARGRYSGSGSYYNDWFDPWGQGTLVTVSS,0.091553606,0.90844643
Indusatumab,0.0,1,QVQLQQWGAGLLKPSETLSLTCAVFGGSFSGYYWSWIRQPPGKGLEWIGEINHRGNTNDNPSLKSRVTISVDTSKNQFALKLSSVTAADTAVYYCARERGYTYGNFDHWGQGTLVTVSS,0.6650659,0.33493412
Infliximab,30.5,0,EVKLEESGGGLVQPGGSMKLSCVASGFIFSNHWMNWVRQSPEKGLEWVAEIRSKSINSATHYAESVKGRFTISRDDSKSAVYLQMTDLRTEDTGVYYCSRNYYGSTYDYWGQGTTLTVSS,0.9976895,0.0023105557
Inotuzumab,2.0,0,EVQLVQSGAEVKKPGASVKVSCKASGYRFTNYWIHWVRQAPGQGLEWIGGINPGNNYATYRRKFQGRVTMTADTSTSTVYMELSSLRSEDTAVYYCTREGYGNYGAWFAYWGQGTLVTVSS,0.74878174,0.25121826
Ipilimumab,2.0,1,QVQLVESGGGVVQPGRSLRLSCAASGFTFSSYTMHWVRQAPGKGLEWVTFISYDGNNKYYADSVKGRFTISRDNSKNTLYLQMNSLRAEDTAIYYCARTGWLGPFDYWGQGTLVTVSS,0.96865964,0.031340335
Iscalimab,1.8,1,QVQLVESGGGVVQPGRSLRLSCAASGFTFSSYGMHWVRQAPGKGLEWVAVISYEESNRYHADSVKGRFTISRDNSKITLYLQMNSLRTEDTAVYYCARDGGIAAPGPDYWGQGTLVTVSS,0.018783841,0.98121613
Itolizumab,15.8,0,EVQLVESGGGLVKPGGSLKLSCAASGFKFSRYAMSWVRQAPGKRLEWVATISSGGSYIYYPDSVKGRFTISRDNVKNTLYLQMSSLRSEDTAMYYCARRDYDLDYFDSWGQGTLVTVSS,0.9534975,0.046502497
Ixekizumab,8.5,0,QVQLVQSGAEVKKPGSSVKVSCKASGYSFTDYHIHWVRQAPGQGLEWMGVINPMYGTTDYNQRFKGRVTITADESTSTAYMELSSLRSEDTAVYYCARYDYFTGTGVYWGQGTLVTVSS,0.869528,0.13047203
Labetuzumab,0.0,0,EVQLVESGGGVVQPGRSLRLSCSASGFDFTTYWMSWVRQAPGKGLEWIGEIHPDSSTINYAPSLKDRFTISRDNAKNTLFLQMDSLRPEDTGVYFCASLYFGFPWFAYWGQGTPVTVSS,0.24108975,0.75891024
Lanadelumab,7.0,1,EVQLLESGGGLVQPGGSLRLSCAASGFTFSHYIMMWVRQAPGKGLEWVSGIYSSGGITVYADSVKGRFTISRDNSKNTLYLQMNSLRAEDTAVYYCAYRRIGVPRRDEFDIWGQGTMVTVSS,0.6794068,0.3205932
Lebrikizumab,30.0,0,QVTLRESGPALVKPTQTLTLTCTVSGFSLSAYSVNWIRQPPGKALEWLAMIWGDGKIVYNSALKSRLTISKDTSKNQVVLTMTNMDPVDTATYYCAGDGYYPYAMDNWGQGSLVTVSS,0.3874137,0.61258626
Levilimab,0.0,0,QVQLVQSGGGLVQPGGSLRLSCAASGFTFSSYYMSWVRQAPGKGLEWVSGIYSDGTTHYGDSVKGRFTISRDNAKNTVYLQLNSLRAEDTAMYYCAKGAGPTWWYALDAWGQGTLVTVSS,0.79246396,0.20753612
Lifastuzumab,18.0,0,EVQLVESGGGLVQPGGSLRLSCAASGFSFSDFAMSWVRQAPGKGLEWVATIGRVAFHTYYPDSMKGRFTISRDNSKNTLYLQMNSLRAEDTAVYYCARHRGFDVGHFDFWGQGTLVTVSS,0.04912525,0.9508747
Ligelizumab,6.3,0,QVQLVQSGAEVMKPGSSVKVSCKASGYTFSWYWLEWVRQAPGHGLEWMGEIDPGTFTTNYNEKFKARVTFTADTSTSTAYMELSSLRSEDTAVYYCARFSHFSGSNYDYFDYWGQGTLVTVSS,0.99892163,0.0010784438
Lintuzumab,0.0,0,QVQLVQSGAEVKKPGSSVKVSCKASGYTFTDYNMHWVRQAPGQGLEWIGYIYPYNGGTGYNQKFKSKATITADESTNTAYMELSSLRSEDTAVYYCARGRPAMDYWGQGTLVTVSS,0.99866986,0.0013301224
Loncastuximab,0.0,0,QVQLVQPGAEVVKPGASVKLSCKTSGYTFTSNWMHWVKQAPGQGLEWIGEIDPSDSYTNYNQNFQGKAKLTVDKSTSTAYMEVSSLRSDDTAVYYCARGSNPYYYAMDYWGQGTSVTVSS,0.9961403,0.003859721
Lorvotuzumab,0.0,0,QVQLVESGGGVVQPGRSLRLSCAASGFTFSSFGMHWVRQAPGKGLEWVAYISSGSFTIYYADSVKGRFTISRDNSKNTLYLQMNSLRAEDTAVYYCARMRKGYAMDYWGQGTLVTVSS,0.4006912,0.5993087
Lutikizumab,16.8,0,EVQLVESGGGVVQPGRSLRLSCSASGFIFSRYDMSWVRQAPGKGLEWVAYISHGGAGTYYPDSVKGRFTISRDNSKNTLFLQMDSLRPEDTGVYFCARGGVTKGYFDVWGQGTPVTVSS,0.048979085,0.9510209
Matuzumab,10.0,0,QVQLVQSGAEVKKPGASVKVSCKASGYTFTSHWMHWVRQAPGQGLEWIGEFNPSNGRTNYNEKFKSKATMTVDTSTNTAYMELSSLRSEDTAVYYCASRDYDYDGRYFDYWGQGTLVTVSS,0.99975055,0.00024939462
Mavrilimumab,3.1,1,QVQLVQSGAEVKKPGASVKVSCKVSGYTLTELSIHWVRQAPGKGLEWMGGFDPEENEIVYAQRFQGRVTMTEDTSTDTAYMELSSLRSEDTAVYYCAIVGSFSPLTLGLWGQGTMVTVSS,0.016645376,0.9833546
Mepolizumab,13.0,0,QVTLRESGPALVKPTQTLTLTCTVSGFSLTSYSVHWVRQPPGKGLEWLGVIWASGGTDYNSALMSRLSISKDTSRNQVVLTMTNMDPVDTATYYCARDPPSSLLRLDYWGRGTPVTVSS,0.00017457712,0.9998254
Modotuximab,0.0,0,QVQLQQPGAELVEPGGSVKLSCKASGYTFTSHWMHWVKQRPGQGLEWIGEINPSSGRNNYNEKFKSKATLTVDKSSSTAYMQFSSLTSEDSAVYYCVRYYGYDEAMDYWGQGTSVTVSS,0.99875414,0.0012458373
Mogamulizumab,4.2,0,EVQLVESGGDLVQPGRSLRLSCAASGFIFSNYGMSWVRQAPGKGLEWVATISSASTYSYYPDSVKGRFTISRDNAKNSLYLQMNSLRVEDTALYYCGRHSDGNFAFGYWGQGTLVTVSS,0.068380706,0.93161935
Motavizumab,1.5,0,QVTLRESGPALVKPTQTLTLTCTFSGFSLSTAGMSVGWIRQPPGKALEWLADIWWDDKKHYNPSLKDRLTISKDTSKNQVVLKVTNMDPADTATYYCARDMIFNFYFDVWGQGTTVTVSS,0.118230164,0.88176984
Moxetumomab,59.0,0,EVQLVESGGGLVKPGGSLKLSCAASGFAFSIYDMSWVRQTPEKCLEWVAYISSGGGTTYYPDTVKGRFTISRDNAKNTLYLQMSSLKSEDTAMYYCARHSGYGTHWGVLFAYWGQGTLVTVSA,0.99564594,0.0043540914
MuromonabCD3,56.0,0,QVQLQQSGAELARPGASVKMSCKASGYTFTRYTMHWVKQRPGQGLEWIGYINPSRGYTNYNQKFKDKATLTTDKSSSTAYMQLSSLTSEDSAVYYCARYYDDHYCLDYWGQGTTLTVSS,0.9999734,2.6563905e-05
Namilumab,0.9,1,QVQLVQSGAEVKKPGASVKVSCKAFGYPFTDYLLHWVRQAPGQGLEWVGWLNPYSGDTNYAQKFQGRVTMTRDTSISTAYMELSRLRSDDTAVYYCTRTTLISVYFDYWGQGTMVTVSS,0.6929733,0.3070267
Naptumomab,72.5,0,EVQLQQSGPDLVKPGASVKISCKASGYSFTGYYMHWVKQSPGKGLEWIGRINPNNGVTLYNQKFKDKATLTVDKSSTTAYMELRSLTSEDSAVYYCARSTMITNYVMDYWGQGTSVTVSS,0.98118067,0.018819287
Natalizumab,9.0,0,QVQLVQSGAEVKKPGASVKVSCKASGFNIKDTYIHWVRQAPGQRLEWMGRIDPANGYTKYDPKFQGRVTITADTSASTAYMELSSLRSEDTAVYYCAREGYYGNYGVYAMDYWGQGTLVTVSS,0.88914394,0.11085604
Navicixizumab,29.0,0,QVQLVQSGAEVKKPGASVKISCKASGYSFTAYYIHWVKQAPGQGLEWIGYISNYNRATNYNQKFKGRVTFTTDTSTSTAYMELRSLRSDDTAVYYCARDYDYDVGMDYWGQGTLVTVSS,0.99505013,0.004949836
Necitumumab,4.1,1,QVQLQESGPGLVKPSQTLSLTCTVSGGSISSGDYYWSWIRQPPGKGLEWIGYIYYSGSTDYNPSLKSRVTMSVDTSKNQFSLKVNSVTAADTAVYYCARVSIFGVGTFDYWGQGTLVTVSS,0.56933355,0.4306665
Netakimab,0.0,0,QVQLVQSGGGLVQAGGSLRLSCAASGGTFATSPMGWLRQAPGKGTEFVAAISPSGGDRIYADSVKGRFTISRDNAGYFIYLQMNSLKPEDTAVYYCAVRRRFDGTSYYTGDYDSWGQGTLVTVSS,0.002312952,0.9976871
Nirsevimab,28.0,0,QVQLVQSGAEVKKPGSSVMVSCQASGGLLEDYIINWVRQAPGQGPEWMGGIIPVLGTVHYGPKFQGRVTITADESTDTAYMELSSLRSEDTAMYYCATETALVVSETYLPHYFDNWGQGTLVTVSS,0.00087912485,0.9991209
Nivolumab,7.7,1,QVQLVESGGGVVQPGRSLRLDCKASGITFSNSGMHWVRQAPGKGLEWVAVIWYDGSKRYYADSVKGRFTISRDNSKNTLFLQMNSLRAEDTAVYYCATNDDYWGQGTLVTVSS,0.019077314,0.98092276
Obexelimab,17.5,0,EVQLVESGGGLVKPGGSLKLSCAASGYTFTSYVMHWVRQAPGKGLEWIGYINPYNDGTKYNEKFQGRVTISSDKSISTAYMELSSLRSEDTAMYYCARGTYYYGTRVFDYWGQGTLVTVSS,0.99758315,0.0024168855
Obiltoxaximab,2.5,0,QVQLQQSGPELKKPGASVKVSCKDSGYAFSSSWMNWVRQAPGQGLEWIGRIYPGDGDTNYNGKFQGRVTITADKSSSTAYMELSSLRSEDTAVYFCARSGLLRYAMDYWGQGTLVTVSS,0.9906426,0.009357362
Obinutuzumab,6.0,0,QVQLVQSGAEVKKPGSSVKVSCKASGYAFSYSWINWVRQAPGQGLEWMGRIFPGDGDTDYNGKFKGRVTITADKSTSTAYMELSSLRSEDTAVYYCARNVFDGYWLVYWGQGTLVTVSS,0.9810481,0.018951893
Ocaratuzumab,1.0,0,EVQLVQSGAEVKKPGESLKISCKGSGRTFTSYNMHWVRQMPGKGLEWMGAIYPLTGDTSYNQKSKLQVTISADKSISTAYLQWSSLKASDTAMYYCARSTYVGGDWQFDVWGKGTTVTVSS,0.948301,0.051699024
Ocrelizumab,1.0,0,EVQLVESGGGLVQPGGSLRLSCAASGYTFTSYNMHWVRQAPGKGLEWVGAIYPGNGDTSYNQKFKGRFTISVDKSKNTLYLQMNSLRAEDTAVYYCARVVYYSNSYWYFDVWGQGTLVTVSS,0.66961056,0.33038947
Ofatumumab,0.0,1,EVQLVESGGGLVQPGRSLRLSCAASGFTFNDYAMHWVRQAPGKGLEWVSTISWNSGSIGYADSVKGRFTISRDNAKKSLYLQMNSLRAEDTALYYCAKDIQYGNYYYGMDVWGQGTTVTVSS,0.18672398,0.81327605
Olaratumab,3.5,1,QLQLQESGPGLVKPSETLSLTCTVSGGSINSSSYYWGWLRQSPGKGLEWIGSFFYTGSTYYNPSLRSRLTISVDTSKNQFSLMLSSVTAADTAVYYCARQSTYYYGSGNYYGWFDRWDQGTLVTVSS,0.040106922,0.95989305
Olokizumab,9.8,0,EVQLVESGGGLVQPGGSLRLSCAASGFNFNDYFMNWVRQAPGKGLEWVAQMRNKNYQYGTYYAESLEGRFTISRDDSKNSLYLQMNSLKTEDTAVYYCARESYYGFTSYWGQGTLVTVSS,0.86180323,0.13819675
Omalizumab,0.0,0,EVQLVESGGGLVQPGGSLRLSCAVSGYSITSGYSWNWIRQAPGKGLEWVASITYDGSTNYNPSVKGRITISRDDSKNTFYLQMNSLRAEDTAVYYCARGSHYFGHWHFAVWGQGTLVTVSS,0.019194772,0.98080516
Onartuzumab,11.9,0,EVQLVESGGGLVQPGGSLRLSCAASGYTFTSYWLHWVRQAPGKGLEWVGMIDPSNSDTRFNPNFKDRFTISADTSKNTAYLQMNSLRAEDTAVYYCATYRSYVTPLDYWGQGTLVTVSS,0.9479211,0.052078836
Ontuxizumab,4.5,0,QVQLQESGPGLVRPSQTLSLTCTASGYTFTDYVIHWVKQPPGRGLEWIGYINPYDDDTTYNQKFKGRVTMLVDTSSNTAYLRLSSVTAEDTAVYYCARRGNSYDGYFDYSMDYWGSGTPVTVSS,0.11765136,0.88234866
Opicinumab,3.6,1,EVQLLESGGGLVQPGGSLRLSCAASGFTFSAYEMKWVRQAPGKGLEWVSVIGPSGGFTFYADSVKGRFTISRDNSKNTLYLQMNSLRAEDTAVYYCATEGDNDAFDIWGQGTTVTVSS,0.79937094,0.20062912
Oportuzumab,40.0,0,EVQLVQSGPGLVQPGGSVRISCAASGYTFTNYGMNWVKQAPGKGLEWMGWINTYTGESTYADSFKGRFTFSLDTSASAAYLQINSLRAEDTAVYYCARFAIKGDYWGQGTLLTVSS,0.95782834,0.042171627
Otlertuzumab,5.0,0,EVQLVQSGAEVKKPGESLKISCKGSGYSFTGYNMNWVRQMPGKGLEWMGNIDPYYGGTTYNRKFKGQVTISADKSISTAYLQWSSLKASDTAMYYCARSVGPFDSWGQGTLVTVSS,0.98121256,0.01878745
Ozanezumab,2.5,0,QVQLVQSGAEVKKPGASVKVSCKASGYTFTSYWMHWVRQAPGQGLEWIGNINPSNGGTNYNEKFKSKATMTRDTSTSTAYMELSSLRSEDTAVYYCELMQGYWGQGTLVTVSS,0.997391,0.0026089412
Palivizumab,1.1,0,QVTLRESGPALVKPTQTLTLTCTFSGFSLSTSGMSVGWIRQPPGKALEWLADIWWDDKKDYNPSLKSRLTISKDTSKNQVVLKVTNMDPADTATYYCARSMITNWYFDVWGAGTTVTVSS,0.19647473,0.80352527
Pamrevlumab,0.0,1,EGQLVQSGGGLVHPGGSLRLSCAGSGFTFSSYGMHWVRQAPGKGLEWVSGIGTGGGTYSTDSVKGRFTISRDNAKNSLYLQMNSLRAEDMAVYYCARGDYYGSGSFFDCWGQGTLVTVSS,0.003966071,0.99603397
Panitumumab,2.8,1,QVQLQESGPGLVKPSETLSLTCTVSGGSVSSGDYYWTWIRQSPGKGLEWIGHIYYSGNTNYNPSLKSRLTISIDTSKTQFSLKLSSVTAADTAIYYCVRDRVTGAFDIWGQGTMVTVSS,0.6179976,0.3820024
PankoMab,25.0,0,EVQLVESGGGLVQPGGSMRLSCVASGFPFSNYWMNWVRQAPGKGLEWVGEIRLKSNNYTTHYAESVKGRFTISRDDSKNSLYLQMNSLKTEDTAVYYCTRHYYFDYWGQGTLVTVSS,0.96741307,0.032586966
Parsatuzumab,4.7,0,EVQLVESGGGLVQPGGSLRLSCAASGYTFIDYYMNWVRQAPGKGLEWVGDINLDNSGTHYNQKFKGRFTISRDKSKNTAYLQMNSLRAEDTAVYYCAREGVYHDYDDYAMDYWGQGTLVTVSS,0.3387487,0.6612513
Pateclizumab,4.7,0,EVQLVESGGGLVQPGGSLRLSCAASGYTFTSYVIHWVRQAPGKGLEWVGYNNPYNAGTNYNEKFKGRFTISSDKSKNTAYLQMNSLRAEDTAVYYCSRPTMLPWFAYWGQGTLVTVSS,0.9679367,0.03206325
Pembrolizumab,1.7,0,QVQLVQSGVEVKKPGASVKVSCKASGYTFTNYYMYWVRQAPGQGLEWMGGINPSNGGTNFNEKFKNRVTLTTDSSTTTAYMELKSLQFDDTAVYYCARRDYRFDMGFDYWGQGTTVTVSS,0.7620364,0.23796354
Pertuzumab,2.8,0,EVQLVESGGGLVQPGGSLRLSCAASGFTFTDYTMDWVRQAPGKGLEWVADVNPNSGGSIYNQRFKGRFTLSVDRSKNTLYLQMNSLRAEDTAVYYCARNLGPSFYFDYWGQGTLVTVSS,0.21074483,0.78925514
Pexelizumab,0.0,0,QVQLVQSGAEVKKPGASVKVSCKASGYIFSNYWIQWVRQAPGQGLEWMGEILPGSGSTEYAQKFQGRVTMTADTSTSTAYMELSSLRSEDTAVYYCARYFFGSSPNWYFVWGQGT,0.8406467,0.15935336
Pinatuzumab,1.4,0,EVQLVESGGGLVQPGGSLRLSCAASGYEFSRSWMNWVRQAPGKGLEWVGRIYPGDGDTNYSGKFKGRFTISADTSKNTAYLQMNSLRAEDTAVYYCARDGSSWDWYFDVWGQGTLVTVSS,0.7875034,0.21249652
Polatuzumab,2.6,0,EVQLVESGGGLVQPGGSLRLSCAASGYTFSSYWIEWVRQAPGKGLEWIGEILPGGGDTNYNEIFKGRATFSADTSKNTAYLQMNSLRAEDTAVYYCTRRVPIRLDYWGQGTLVTVSS,0.88584334,0.11415667
Ponezumab,0.0,0,QVQLVQSGAEVKKPGASVKVSCKASGYYTEAYYIHWVRQAPGQGLEWMGRIDPATGNTKYAPRLQDRVTMTRDTSTSTVYMELSSLRSEDTAVYYCASLYSLPVYWGQGTTVTVSS,0.8328662,0.16713387
Prasinezumab,0.0,0,EVQLVESGGGLVQPGGSLRLSCAASGFTFSNYGMSWVRQAPGKGLEWVASISSGGGSTYYPDNVKGRFTISRDDAKNSLYLQMNSLRAEDTAVYYCARGGAGIDYWGQGTLVTVSS,0.059604082,0.9403959
Prezalumab,0.0,1,EVQLVESGGGLVQPGGSLRLSCAASGFTFSSYWMSWVRQAPGKGLEWVAYIKQDGNEKYYVDSVKGRFTISRDNAKNSLYLQMNSLRAEDTAVYYCAREGILWFGDLPTFWGQGTLVTVSS,0.06532206,0.9346779
Racotumomab,85.0,0,QVQLQQSGAELVKPGASVKLSCKASGYTFTSYDINWVRQRPEQGLEWIGWIFPGDGSTKYNEKFKGKATLTTDKSSSTAYMQLSRLTSEDSAVYFCAREDYYDNSYYFDYWGQGTTLTVSS,0.99868315,0.0013168763
Ramucirumab,4.1,1,EVQLVQSGGGLVKPGGSLRLSCAASGFTFSSYSMNWVRQAPGKGLEWVSSISSSSSYIYYADSVKGRFTISRDNAKNSLYLQMNSLRAEDTAVYYCARVTDAFDIWGQGTMVTVSS,0.098653905,0.9013461
Ranibizumab,3.5,0,EVQLVESGGGLVQPGGSLRLSCAASGYDFTHYGMNWVRQAPGKGLEWVGWINTYTGEPTYAADFKRRFTFSLDTSKSTAYLQMNSLRAEDTAVYYCAKYPYYYGTSHWYFDVWGQGTLVTVSS,0.98806363,0.011936373
Ravulizumab,0.2,0,QVQLVQSGAEVKKPGASVKVSCKASGHIFSNYWIQWVRQAPGQGLEWMGEILPGSGHTEYTENFKDRVTMTRDTSTSTVYMELSSLRSEDTAVYYCARYFFGSSPNWYFDVWGQGTLVTVSS,0.9918538,0.008146237
Refanezumab,9.4,0,QVQLVQSGSELKKPGASVKVSCKASGYTFTNYGMNWVRQAPGQGLEWMGWINTYTGEPTYADDFTGRFVFSLDTSVSTAYLQISSLKAEDTAVYYCARNPINYYGINYEGYVMDYWGQGTLVTVSS,0.42341197,0.57658803
Reslizumab,5.0,0,EVQLVESGGGLVQPGGSLRLSCAVSGLSLTSNSVNWIRQAPGKGLEWVGLIWSNGDTDYNSAIKSRFTISRDTSKSTVYLQMNSLRAEDTAVYYCAREYYGYFDYWGQGTLVTVSS,0.031523958,0.968476
Risankizumab,24.0,0,QVQLVQSGAEVKKPGSSVKVSCKASGYTFTDQTIHWMRQAPGQGLEWIGYIYPRDDSPKYNENFKGKVTITADKSTSTAYMELSSLRSEDTAVYYCAIPDRSGYAWFIYWGQGTLVTVSS,0.99149185,0.008508125
Rituximab,11.0,0,QVQLQQPGAELVKPGASVKMSCKASGYTFTSYNMHWVKQTPGRGLEWIGAIYPGNGDTSYNQKFKGKATLTADKSSSTAYMQLSSLTSEDSAVYYCARSTYYGGDWYFNVWGAGTTVTVSA,0.999764,0.00023593754
Robatumumab,0.0,1,EVQLVQSGGGLVKPGGSLRLSCAASGFTFSSFAMHWVRQAPGKGLEWISVIDTRGATYYADSVKGRFTISRDNAKNSLYLQMNSLRAEDTAVYYCARLGNFYYGMDVWGQGTTVTVSS,0.33406034,0.66593957
Roledumab,0.0,1,QVQLVESGGGVVQPGRSLRLSCTASGFTFKNYAMHWVRQAPAKGLEWVATISYDGRNIQYADSVKGRFTFSRDNSQDTLYLQLNSLRPEDTAVYYCARPVRSRWLQLGLEDAFHIWGQGTMVTVSS,0.0022876281,0.9977124
Romosozumab,18.1,0,EVQLVQSGAEVKKPGASVKVSCKASGYTFTDYNMHWVRQAPGQGLEWMGEINPNSGGAGYNQKFKGRVTMTTDTSTSTAYMELRSLRSDDTAVYYCARLGYDDIYDDWYFDVWGQGTTVTVSS,0.4051194,0.59488064
Rovalpituzumab,0.0,0,QVQLVQSGAEVKKPGASVKVSCKASGYTFTNYGMNWVRQAPGQGLEWMGWINTYTGEPTYADDFKGRVTMTTDTSTSTAYMELRSLRSDDTAVYYCARIGDSSPSDYWGQGTLVTVSS,0.051878575,0.9481215
Sarilumab,3.8,1,EVQLVESGGGLVQPGRSLRLSCAASRFTFDDYAMHWVRQAPGKGLEWVSGISWNSGRIGYADSVKGRFTISRDNAENSLFLQMNGLRAEDTALYYCAKGRDSFDIWGQGTMVTVSS,0.008387521,0.99161243
Satumomab,55.0,0,QVQLQQSDAELVKPGASVKISCKASGYTFTDHAIHWAKQKPEQGLEWIGYISPGNDDIKYNEKFKGKATLTADKSSSTAYMQLNSLTSEDSAVYFCKRSYYGHWGQGTTLTVSS,0.99738795,0.0026121272
Secukinumab,1.0,1,EVQLVESGGGLVQPGGSLRLSCAASGFTFSNYWMNWVRQAPGKGLEWVAAINQDGSEKYYVGSVKGRFTISRDNAKNSLYLQMNSLRVEDTAVYYCVRDYYDILTDYYIHYWYFDLWGRGTLVTVSS,0.021037417,0.9789626
Setrusumab,0.0,1,QVQLVESGGGLVQPGGSLRLSCAASGFTFRSHWLSWVRQAPGKGLEWVSNINYDGSSTYYADSVKGRFTISRDNSKNTLYLQMNSLRAEDTAVYYCARDTYLHFDYWGQGTLVTVSS,0.090553775,0.9094462
Sifalimumab,0.0,1,QVQLVQSGAEVKKPGASVKVSCKASGYTFTSYSISWVRQAPGQGLEWMGWISVYNGNTNYAQKFQGRVTMTTDTSTSTAYLELRSLRSDDTAVYYCARDPIAAGYWGQGTLVTVSS,0.3945956,0.6054044
Siltuximab,0.2,0,EVQLVESGGKLLKPGGSLKLSCAASGFTFSSFAMSWFRQSPEKRLEWVAEISSGGSYTYYPDTVTGRFTISRDNAKNTLYLEMSSLRSEDTAMYYCARGLWGYYALDYWGQGTSVTVSS,0.95995796,0.040042
Sirukumab,2.9,1,EVQLVESGGGLVQPGGSLRLSCAASGFTFSPFAMSWVRQAPGKGLEWVAKISPGGSWTYYSDTVTGRFTISRDNAKNSLYLQMNSLRAEDTAVYYCARQLWGYYALDIWGQGTTVTVSS,0.5867579,0.4132421
Solanezumab,3.5,0,EVQLVESGGGLVQPGGSLRLSCAASGFTFSRYSMSWVRQAPGKGLELVAQINSVGNSTYYPDTVKGRFTISRDNAKNTLYLQMNSLRAEDTAVYYCASGDYWGQGTLVTVSS,0.17235279,0.82764727
Suptavumab,5.0,1,EVQLVESGGDLVQPGRSLRLSCVASGFTFDDYAMHWVRQAPGKGLEWVSGVSWSGSTVGYADSVKGRFTVSRDNAQKSLYLQMNSLRAEDTALYYCVKDAYKFNYYYYGLDVWGQGTTVTVSS,0.0013200192,0.99867994
Sutimlimab,8.0,0,EVQLVESGGGLVKPGGSLRLSCAASGFTFSNYAMSWVRQAPGKGLEWVATISSGGSHTYYLDSVKGRFTISRDNSKNTLYLQMNSLRAEDTALYYCARLFTGYAMDYWGQGTLVTVSS,0.91022,0.089779966
Suvratoxumab,3.0,1,EVQLVESGGGLVQPGGSLRLSCAASGFTFSSHDMHWVRQATGKGLEWVSGIGTAGDTYYPDSVKGRFTISRENAKNSLYLQMNSLRAGDTAVYYCARDRYSPTGHYYGMDVWGQGTTVTVSS,0.3780329,0.62196714
Tabalumab,4.4,1,QVQLQQWGAGLLKPSETLSLTCAVYGGSFSGYYWSWIRQPPGKGLEWIGEINHSGSTNYNPSLKSRVTISVDTSKNQFSLKLSSVTAADTAVYYCARGYYDILTGYYYYFDYWGQGTLVTVSS,0.16775742,0.83224255
Tafasitamab,1.0,0,EVQLVESGGGLVKPGGSLKLSCAASGYTFTSYVMHWVRQAPGKGLEWIGYINPYNDGTKYNEKFQGRVTISSDKSISTAYMELSSLRSEDTAMYYCARGTYYYGTRVFDYWGQGTLVTVSS,0.99758315,0.0024168855
Talacotuzumab,17.5,0,EVQLVQSGAEVKKPGESLKISCKGSGYSFTDYYMKWARQMPGKGLEWMGDIIPSNGATFYNQKFKGQVTISADKSISTTYLQWSSLKASDTAMYYCARSHLLRASWFAYWGQGTMVTVSS,0.99094325,0.009056723
Tarextumab,26.0,1,EVQLVESGGGLVQPGGSLRLSCAASGFTFSSSGMSWVRQAPGKGLEWVSVIASSGSNTYYADSVKGRFTISRDNSKNTLYLQMNSLRAEDTAVYYCARSIFYTTWGQGTLVTVSS,0.1025831,0.8974169
Temelimab,0.0,0,QVQLVQSGAEVKKPGSSVKVSCKASGYTFTDYEMHWVRQAPGQGLEWIGAVAPETGGTAYNQKFKGRATITADKSTSTAYMELSSLRSEDTAVYYCTSTVVPFAYWGQGTLVTVSS,0.9665942,0.033405844
Tezepelumab,2.1,1,QMQLVESGGGVVQPGRSLRLSCAASGFTFRTYGMHWVRQAPGKGLEWVAVIWYDGSNKHYADSVKGRFTITRDNSKNTLNLQMNSLRAEDTAVYYCARAPQWELVHEAFDIWGQGTMVTVSS,0.008393287,0.9916067
Ticilimumab,2.0,1,QVQLVESGGGVVQPGRSLRLSCAASGFTFSSYGMHWVRQAPGKGLEWVAVIWYDGSNKYYADSVKGRFTISRDNSKNTLYLQMNSLRAEDTAVYYCARDPRGATLYYYYYGMDVWGQGTTVTVSS,0.00045987612,0.9995402
Tigatuzumab,0.0,0,EVQLVESGGGLVQPGGSLRLSCAASGFTFSSYVMSWVRQAPGKGLEWVATISSGGSYTYYPDSVKGRFTISRDNAKNTLYLQMNSLRAEDTAVYYCARRGDSMITTDYWGQGTLVTVSS,0.82345116,0.17654884
Tildrakizumab,6.5,0,QVQLVQSGAEVKKPGASVKVSCKASGYIFITYWMTWVRQAPGQGLEWMGQIFPASGSADYNEKFEGRVTMTTDTSTSTAYMELRSLRSDDTAVYYCARGGGGFAYWGQGTLVTVSS,0.03737007,0.96262985
Tocilizumab,2.0,0,QVQLQESGPGLVRPSQTLSLTCTVSGYSITSDHAWSWVRQPPGRGLEWIGYISYSGITTYNPSLKSRVTMLRDTSKNQFSLRLSSVTAADTAVYYCARSLARTTAMDYWGQGSLVTVSS,0.00012788533,0.9998721
Tomuzotuximab,12.5,0,QVQLKQSGPGLVQPSQSLSITCTVSGFSLTNYGVHWVRQSPGKGLEWLGVIWSGGNTDYNTPFTSRLSINKDNSKSQVFFKMNSLQSNDTAIYYCARALTYYDYEFAYWGQGTLVTVST,0.995368,0.0046320483
Toripalimab,1.0,0,QGQLVQSGAEVKKPGASVKVSCKASGYTFTDYEMHWVRQAPIHGLEWIGVIESETGGTAYNQKFKGRVTITADKSTSTAYMELSSLRSEDTAVYYCAREGITTVATTYYWYFDVWGQGTTVTVSS,0.104373194,0.8956268
Tosatoxumab,2.1,1,EVQMVQSGAEVKKPGEPLKISCKGSGYKFGTHWIGWVRQRPGKGLEWMGIIHPADSETKYSPSFQGQVSFSADKSSNTAYLHWSTLRASDTAMYYCARRSGSSSWYALDFWGQGTMVTVSS,0.9625151,0.037484862
Tositumomab,45.5,0,QAYLQQSGAELVRPGASVKMSCKASGYTFTSYNMHWVKQTPRQGLEWIGAIYPGNGDTSYNQKFKGKATLTVDKSSSTAYMQLSSLTSEDSAVYFCARVVYYSNSYWYFDVWGTGTTVTVSG,0.99646807,0.003531925
Tovetumab,2.9,1,QVQLVESGGGLVKPGGSLRLSCAASGFTFSDYYMNWIRQAPGKGLEWVSYISSSGSIIYYADSVKGRFTISRDNAKNSLYLQMNSLRAEDTAVYYCAREGRIAARGMDVWGQGTTVTVSS,0.017740529,0.9822595
Tralokinumab,0.5,1,QVQLVQSGAEVKKPGASVKVSCKASGYTFTNYGLSWVRQAPGQGLEWMGWISANNGDTNYGQEFQGRVTMTTDTSTSTAYMELRSLRSDDTAVYYCARDSSSSWARWFFDLWGRGTLVTVSS,0.14770813,0.8522919
Trastuzumab,8.1,0,EVQLVESGGGLVQPGGSLRLSCAASGFNIKDTYIHWVRQAPGKGLEWVARIYPTNGYTRYADSVKGRFTISADTSKNTAYLQMNSLRAEDTAVYYCSRWGGDGFYAMDYWGQGTLVTVSS,0.7662276,0.23377231
Tremelimumab,0.0,1,QVQLVESGGGVVQPGRSLRLSCAASGFTFSSYGMHWVRQAPGKGLEWVAVIWYDGSNKYYADSVKGRFTISRDNSKNTLYLQMNSLRAEDTAVYYCARDPRGATLYYYYYGMDVWGQGTTVTVSS,0.00045987612,0.9995402
Ublituximab,0.0,0,QAYLQQSGAELVRPGASVKMSCKASGYTFTSYNMHWVKQTPRQGLEWIGGIYPGNGDTSYNQKFKGKATLTVGKSSSTAYMQLSSLTSEDSAVYFCARYDYNYAMDYWGQGTSVTVSS,0.999408,0.0005919817
Ustekinumab,4.0,1,EVQLVQSGAEVKKPGESLKISCKGSGYSFTTYWLGWVRQMPGKGLDWIGIMSPVDSDIRYSPSFQGQVTMSVDKSITTAYLQWNSLKASDTAMYYCARRRPGQGYFDFWGQGTLVTVSS,0.36078614,0.63921386
Utomilumab,40.7,1,EVQLVQSGAEVKKPGESLRISCKGSGYSFSTYWISWVRQMPGKGLEWMGKIYPGDSYTNYSPSFQGQVTISADKSISTAYLQWSSLKASDTAMYYCARGYGIFDYWGQGTLVTVSS,0.12531194,0.874688
Varlilumab,0.0,1,QVQLVESGGGVVQPGRSLRLSCAASGFTFSSYDMHWVRQAPGKGLEWVAVIWYDGSNKYYADSVKGRFTISRDNSKNTLYLQMNSLRAEDTAVYYCARGSGNWGFFDYWGQGTLVTVSS,0.0048162094,0.99518377
Vatelizumab,2.6,0,QVQLQESGPGLVKPSETLSLTCTVSGFSLTNYGIHWIRQPPGKGLEWLGVIWARGFTNYNSALMSRLTISKDNSKNQVSLKLSSVTAADTAVYYCARANDGVYYAMDYWGQGTLVTVSS,0.97065634,0.029343627
Vedolizumab,9.5,0,QVQLVQSGAEVKKPGASVKVSCKGSGYTFTSYWMHWVRQAPGQRLEWIGEIDPSESNTNYNQKFKGRVTLTVDISASTAYMELSSLRSEDTAVYYCARGGYDGWDYAIDYWGQGTLVTVSS,0.9772693,0.022730703
Veltuzumab,19.5,0,QVQLQQSGAEVKKPGSSVKVSCKASGYTFTSYNMHWVKQAPGQGLEWIGAIYPGMGDTSYNQKFKGKATLTADESTNTAYMELSSLRSEDTAFYYCARSTYYGGDWYFDVWGQGTTVTVSS,0.9849317,0.015068282
Xentuzumab,2.3,1,QVELVESGGGLVQPGGSLRLSCAASGFTFTSYWMSWVRQAPGKGLELVSSITSYGSFTYYADSVKGRFTISRDNSKNTLYLQMNSLRAEDTAVYYCARNMYTHFDSWGQGTLVTVSS,0.9462569,0.05374314
Zalutumumab,0.0,1,QVQLVESGGGVVQPGRSLRLSCAASGFTFSTYGMHWVRQAPGKGLEWVAVIWDDGSYKYYGDSVKGRFTISRDNSKNTLYLQMNSLRAEDTAVYYCARDGITMVRGVMKDYFDYWGQGTLVTVSS,0.0018213497,0.9981787
Zolbetuximab,0.0,0,QVQLQQPGAELVRPGASVKLSCKASGYTFTSYWINWVKQRPGQGLEWIGNIYPSDSYTNYNQKFKDKATLTVDKSSSTAYMQLSSPTSEDSAVYYCTRSWRGNSFDYWGQGTTLTVSS,0.9976585,0.002341538
Zolimomab,85.7,0,QVQLQQSGAELARPGASVKMSCKASGYTFTRYTMHWVKQRPGQGLEWIGYINPSRGYTNYNQKFKDKATLTTDKSSSTAYMQLSSLTSEDSAVYYCARYYDDHYCLDYWGQGTTLTVSS,0.9999734,2.6563855e-05
moAb_81C6,100.0,0,EVQLQQSGPELVKPGASVKMSCKASGYTFTSYVVHWVKQNPGQGLEWIGYINPFNDGTKYNENFKGKATLTSDRSSSTAYMELSSLTSEESAVYFCARDMGREGFAYWGQGTLVTVSA,0.99931645,0.0006835923
